trial_id,logic_revision,study_profile,scenario_file_sha256,scenario_selection_sha256,algorithm,comm_model,comm_level,grid_size,grid_cells,robot_count,top_k_rate,top_k_max_cells,target_cells_per_robot,actual_cells_per_robot,condition_id,scenario_file,trial_mode,robot_id,steps_total,steps_after_first_clue,unique_cells_contributed,system_revisits_by_robot,task_cell_replans,path_replans,collision_prevention_events,messages_sent,protected_messages_sent,unprotected_messages_sent,core_messages_sent,allocation_messages_sent,post_clue_messages_sent,messages_sent_by_topic,messages_delivered_to_robot,messages_dropped_to_robot,trial_status
15,dcta_parity_v1,topk_filter,aa0724188407797eae5187348bee11ee9f51317c4e8a201863b052786aa2f1df,823213c90703fd83224ad7122ee730ba64af3769ea517af252103bddd907f681,HIPC,ideal,1.0,19,361,4,0.25,90,,,hipc_topk_25,/home/agxorin/topk_filter_study/simulator/scenarios/final_trial_500.csv,clue_search,00,10,2,11,0,0,0,0,28,11,17,22,6,12,clue:1;collision_intent:10;hipc_entry:6;state:10;target:1,71,0,completed
15,dcta_parity_v1,topk_filter,aa0724188407797eae5187348bee11ee9f51317c4e8a201863b052786aa2f1df,823213c90703fd83224ad7122ee730ba64af3769ea517af252103bddd907f681,HIPC,ideal,1.0,19,361,4,0.25,90,,,hipc_topk_25,/home/agxorin/topk_filter_study/simulator/scenarios/final_trial_500.csv,clue_search,01,9,2,10,0,0,0,0,25,9,16,19,6,11,clue:1;collision_intent:9;hipc_entry:6;state:9,73,0,completed
15,dcta_parity_v1,topk_filter,aa0724188407797eae5187348bee11ee9f51317c4e8a201863b052786aa2f1df,823213c90703fd83224ad7122ee730ba64af3769ea517af252103bddd907f681,HIPC,ideal,1.0,19,361,4,0.25,90,,,hipc_topk_25,/home/agxorin/topk_filter_study/simulator/scenarios/final_trial_500.csv,clue_search,02,10,3,11,0,0,0,0,24,10,14,21,3,10,clue:1;collision_intent:10;hipc_entry:3;state:10,74,0,completed
15,dcta_parity_v1,topk_filter,aa0724188407797eae5187348bee11ee9f51317c4e8a201863b052786aa2f1df,823213c90703fd83224ad7122ee730ba64af3769ea517af252103bddd907f681,HIPC,ideal,1.0,19,361,4,0.25,90,,,hipc_topk_25,/home/agxorin/topk_filter_study/simulator/scenarios/final_trial_500.csv,clue_search,03,9,2,10,0,0,0,0,22,9,13,19,3,8,clue:1;collision_intent:9;hipc_entry:3;state:9,75,0,completed
51,dcta_parity_v1,topk_filter,aa0724188407797eae5187348bee11ee9f51317c4e8a201863b052786aa2f1df,823213c90703fd83224ad7122ee730ba64af3769ea517af252103bddd907f681,HIPC,ideal,1.0,19,361,4,0.25,90,,,hipc_topk_25,/home/agxorin/topk_filter_study/simulator/scenarios/final_trial_500.csv,clue_search,00,11,0,12,0,0,0,0,22,11,11,22,0,0,collision_intent:11;state:11,64,0,completed
51,dcta_parity_v1,topk_filter,aa0724188407797eae5187348bee11ee9f51317c4e8a201863b052786aa2f1df,823213c90703fd83224ad7122ee730ba64af3769ea517af252103bddd907f681,HIPC,ideal,1.0,19,361,4,0.25,90,,,hipc_topk_25,/home/agxorin/topk_filter_study/simulator/scenarios/final_trial_500.csv,clue_search,01,10,0,11,0,0,0,0,21,11,10,21,0,0,collision_intent:11;state:10,66,0,completed
51,dcta_parity_v1,topk_filter,aa0724188407797eae5187348bee11ee9f51317c4e8a201863b052786aa2f1df,823213c90703fd83224ad7122ee730ba64af3769ea517af252103bddd907f681,HIPC,ideal,1.0,19,361,4,0.25,90,,,hipc_topk_25,/home/agxorin/topk_filter_study/simulator/scenarios/final_trial_500.csv,clue_search,02,11,0,12,0,0,0,0,22,11,11,22,0,0,collision_intent:11;state:11,66,0,completed
51,dcta_parity_v1,topk_filter,aa0724188407797eae5187348bee11ee9f51317c4e8a201863b052786aa2f1df,823213c90703fd83224ad7122ee730ba64af3769ea517af252103bddd907f681,HIPC,ideal,1.0,19,361,4,0.25,90,,,hipc_topk_25,/home/agxorin/topk_filter_study/simulator/scenarios/final_trial_500.csv,clue_search,03,11,0,12,0,0,0,0,23,12,11,23,0,0,collision_intent:11;state:11;target:1,65,0,completed
87,dcta_parity_v1,topk_filter,aa0724188407797eae5187348bee11ee9f51317c4e8a201863b052786aa2f1df,823213c90703fd83224ad7122ee730ba64af3769ea517af252103bddd907f681,HIPC,ideal,1.0,19,361,4,0.25,90,,,hipc_topk_25,/home/agxorin/topk_filter_study/simulator/scenarios/final_trial_500.csv,clue_search,00,19,18,20,0,0,0,0,79,19,60,39,40,77,clue:1;collision_intent:19;hipc_entry:40;state:19,248,0,completed
87,dcta_parity_v1,topk_filter,aa0724188407797eae5187348bee11ee9f51317c4e8a201863b052786aa2f1df,823213c90703fd83224ad7122ee730ba64af3769ea517af252103bddd907f681,HIPC,ideal,1.0,19,361,4,0.25,90,,,hipc_topk_25,/home/agxorin/topk_filter_study/simulator/scenarios/final_trial_500.csv,clue_search,01,20,19,14,7,0,1,1,82,22,60,43,39,80,clue:1;collision_intent:21;hipc_entry:39;state:20;target:1,246,0,completed
87,dcta_parity_v1,topk_filter,aa0724188407797eae5187348bee11ee9f51317c4e8a201863b052786aa2f1df,823213c90703fd83224ad7122ee730ba64af3769ea517af252103bddd907f681,HIPC,ideal,1.0,19,361,4,0.25,90,,,hipc_topk_25,/home/agxorin/topk_filter_study/simulator/scenarios/final_trial_500.csv,clue_search,02,20,19,18,3,1,0,0,78,20,58,41,37,76,clue:1;collision_intent:20;hipc_clear_bundle:2;hipc_entry:35;state:20,249,0,completed
87,dcta_parity_v1,topk_filter,aa0724188407797eae5187348bee11ee9f51317c4e8a201863b052786aa2f1df,823213c90703fd83224ad7122ee730ba64af3769ea517af252103bddd907f681,HIPC,ideal,1.0,19,361,4,0.25,90,,,hipc_topk_25,/home/agxorin/topk_filter_study/simulator/scenarios/final_trial_500.csv,clue_search,03,20,20,17,4,1,0,0,89,20,69,41,48,88,clue:1;collision_intent:20;hipc_entry:48;state:20,238,0,completed
123,dcta_parity_v1,topk_filter,aa0724188407797eae5187348bee11ee9f51317c4e8a201863b052786aa2f1df,823213c90703fd83224ad7122ee730ba64af3769ea517af252103bddd907f681,HIPC,ideal,1.0,19,361,4,0.25,90,,,hipc_topk_25,/home/agxorin/topk_filter_study/simulator/scenarios/final_trial_500.csv,clue_search,00,59,30,53,7,0,0,0,172,59,113,120,52,114,clue:2;collision_intent:59;hipc_entry:52;state:59,579,0,completed
123,dcta_parity_v1,topk_filter,aa0724188407797eae5187348bee11ee9f51317c4e8a201863b052786aa2f1df,823213c90703fd83224ad7122ee730ba64af3769ea517af252103bddd907f681,HIPC,ideal,1.0,19,361,4,0.25,90,,,hipc_topk_25,/home/agxorin/topk_filter_study/simulator/scenarios/final_trial_500.csv,clue_search,01,58,29,52,7,0,0,0,173,59,114,119,54,115,clue:2;collision_intent:59;hipc_entry:54;state:58,578,0,completed
123,dcta_parity_v1,topk_filter,aa0724188407797eae5187348bee11ee9f51317c4e8a201863b052786aa2f1df,823213c90703fd83224ad7122ee730ba64af3769ea517af252103bddd907f681,HIPC,ideal,1.0,19,361,4,0.25,90,,,hipc_topk_25,/home/agxorin/topk_filter_study/simulator/scenarios/final_trial_500.csv,clue_search,02,61,31,60,2,0,0,0,203,61,142,124,79,143,clue:2;collision_intent:61;hipc_entry:79;state:61,548,0,completed
123,dcta_parity_v1,topk_filter,aa0724188407797eae5187348bee11ee9f51317c4e8a201863b052786aa2f1df,823213c90703fd83224ad7122ee730ba64af3769ea517af252103bddd907f681,HIPC,ideal,1.0,19,361,4,0.25,90,,,hipc_topk_25,/home/agxorin/topk_filter_study/simulator/scenarios/final_trial_500.csv,clue_search,03,59,30,55,5,0,2,1,204,62,142,123,81,146,clue:2;collision_intent:61;hipc_entry:81;state:59;target:1,548,0,completed
159,dcta_parity_v1,topk_filter,aa0724188407797eae5187348bee11ee9f51317c4e8a201863b052786aa2f1df,823213c90703fd83224ad7122ee730ba64af3769ea517af252103bddd907f681,HIPC,ideal,1.0,19,361,4,0.25,90,,,hipc_topk_25,/home/agxorin/topk_filter_study/simulator/scenarios/final_trial_500.csv,clue_search,00,9,0,10,0,0,0,0,18,9,9,18,0,0,collision_intent:9;state:9,53,0,completed
159,dcta_parity_v1,topk_filter,aa0724188407797eae5187348bee11ee9f51317c4e8a201863b052786aa2f1df,823213c90703fd83224ad7122ee730ba64af3769ea517af252103bddd907f681,HIPC,ideal,1.0,19,361,4,0.25,90,,,hipc_topk_25,/home/agxorin/topk_filter_study/simulator/scenarios/final_trial_500.csv,clue_search,01,9,0,10,0,0,0,0,18,9,9,18,0,0,collision_intent:9;state:9,55,0,completed
159,dcta_parity_v1,topk_filter,aa0724188407797eae5187348bee11ee9f51317c4e8a201863b052786aa2f1df,823213c90703fd83224ad7122ee730ba64af3769ea517af252103bddd907f681,HIPC,ideal,1.0,19,361,4,0.25,90,,,hipc_topk_25,/home/agxorin/topk_filter_study/simulator/scenarios/final_trial_500.csv,clue_search,02,9,0,10,0,0,0,0,18,9,9,18,0,0,collision_intent:9;state:9,54,0,completed
159,dcta_parity_v1,topk_filter,aa0724188407797eae5187348bee11ee9f51317c4e8a201863b052786aa2f1df,823213c90703fd83224ad7122ee730ba64af3769ea517af252103bddd907f681,HIPC,ideal,1.0,19,361,4,0.25,90,,,hipc_topk_25,/home/agxorin/topk_filter_study/simulator/scenarios/final_trial_500.csv,clue_search,03,9,0,10,0,0,0,0,19,10,9,19,0,0,collision_intent:9;state:9;target:1,54,0,completed
195,dcta_parity_v1,topk_filter,aa0724188407797eae5187348bee11ee9f51317c4e8a201863b052786aa2f1df,823213c90703fd83224ad7122ee730ba64af3769ea517af252103bddd907f681,HIPC,ideal,1.0,19,361,4,0.25,90,,,hipc_topk_25,/home/agxorin/topk_filter_study/simulator/scenarios/final_trial_500.csv,clue_search,00,95,86,55,41,0,1,1,323,96,227,195,128,305,clue:4;collision_intent:96;hipc_entry:128;state:95,1148,0,completed
195,dcta_parity_v1,topk_filter,aa0724188407797eae5187348bee11ee9f51317c4e8a201863b052786aa2f1df,823213c90703fd83224ad7122ee730ba64af3769ea517af252103bddd907f681,HIPC,ideal,1.0,19,361,4,0.25,90,,,hipc_topk_25,/home/agxorin/topk_filter_study/simulator/scenarios/final_trial_500.csv,clue_search,01,97,89,84,14,0,0,0,382,97,285,198,184,366,clue:4;collision_intent:97;hipc_entry:184;state:97,1088,0,completed
195,dcta_parity_v1,topk_filter,aa0724188407797eae5187348bee11ee9f51317c4e8a201863b052786aa2f1df,823213c90703fd83224ad7122ee730ba64af3769ea517af252103bddd907f681,HIPC,ideal,1.0,19,361,4,0.25,90,,,hipc_topk_25,/home/agxorin/topk_filter_study/simulator/scenarios/final_trial_500.csv,clue_search,02,96,87,76,21,0,3,3,390,100,290,200,190,372,clue:4;collision_intent:100;hipc_entry:190;state:96,1081,0,completed
195,dcta_parity_v1,topk_filter,aa0724188407797eae5187348bee11ee9f51317c4e8a201863b052786aa2f1df,823213c90703fd83224ad7122ee730ba64af3769ea517af252103bddd907f681,HIPC,ideal,1.0,19,361,4,0.25,90,,,hipc_topk_25,/home/agxorin/topk_filter_study/simulator/scenarios/final_trial_500.csv,clue_search,03,95,87,87,9,0,0,0,376,96,280,195,181,360,clue:4;collision_intent:95;hipc_entry:181;state:95;target:1,1095,0,completed
231,dcta_parity_v1,topk_filter,aa0724188407797eae5187348bee11ee9f51317c4e8a201863b052786aa2f1df,823213c90703fd83224ad7122ee730ba64af3769ea517af252103bddd907f681,HIPC,ideal,1.0,19,361,4,0.25,90,,,hipc_topk_25,/home/agxorin/topk_filter_study/simulator/scenarios/final_trial_500.csv,clue_search,00,14,0,15,0,0,0,0,29,15,14,29,0,0,collision_intent:14;state:14;target:1,80,0,completed
231,dcta_parity_v1,topk_filter,aa0724188407797eae5187348bee11ee9f51317c4e8a201863b052786aa2f1df,823213c90703fd83224ad7122ee730ba64af3769ea517af252103bddd907f681,HIPC,ideal,1.0,19,361,4,0.25,90,,,hipc_topk_25,/home/agxorin/topk_filter_study/simulator/scenarios/final_trial_500.csv,clue_search,01,13,0,14,0,0,0,0,26,13,13,26,0,0,collision_intent:13;state:13,81,0,completed
231,dcta_parity_v1,topk_filter,aa0724188407797eae5187348bee11ee9f51317c4e8a201863b052786aa2f1df,823213c90703fd83224ad7122ee730ba64af3769ea517af252103bddd907f681,HIPC,ideal,1.0,19,361,4,0.25,90,,,hipc_topk_25,/home/agxorin/topk_filter_study/simulator/scenarios/final_trial_500.csv,clue_search,02,14,0,15,0,0,0,0,28,14,14,28,0,0,collision_intent:14;state:14,80,0,completed
231,dcta_parity_v1,topk_filter,aa0724188407797eae5187348bee11ee9f51317c4e8a201863b052786aa2f1df,823213c90703fd83224ad7122ee730ba64af3769ea517af252103bddd907f681,HIPC,ideal,1.0,19,361,4,0.25,90,,,hipc_topk_25,/home/agxorin/topk_filter_study/simulator/scenarios/final_trial_500.csv,clue_search,03,13,0,14,0,0,0,0,26,13,13,26,0,0,collision_intent:13;state:13,81,0,completed
267,dcta_parity_v1,topk_filter,aa0724188407797eae5187348bee11ee9f51317c4e8a201863b052786aa2f1df,823213c90703fd83224ad7122ee730ba64af3769ea517af252103bddd907f681,HIPC,ideal,1.0,19,361,4,0.25,90,,,hipc_topk_25,/home/agxorin/topk_filter_study/simulator/scenarios/final_trial_500.csv,clue_search,00,37,3,38,0,0,0,0,82,38,44,76,6,14,clue:1;collision_intent:37;hipc_entry:6;state:37;target:1,237,0,completed
267,dcta_parity_v1,topk_filter,aa0724188407797eae5187348bee11ee9f51317c4e8a201863b052786aa2f1df,823213c90703fd83224ad7122ee730ba64af3769ea517af252103bddd907f681,HIPC,ideal,1.0,19,361,4,0.25,90,,,hipc_topk_25,/home/agxorin/topk_filter_study/simulator/scenarios/final_trial_500.csv,clue_search,01,36,3,37,0,0,0,0,82,36,46,73,9,16,clue:1;collision_intent:36;hipc_entry:9;state:36,235,0,completed
267,dcta_parity_v1,topk_filter,aa0724188407797eae5187348bee11ee9f51317c4e8a201863b052786aa2f1df,823213c90703fd83224ad7122ee730ba64af3769ea517af252103bddd907f681,HIPC,ideal,1.0,19,361,4,0.25,90,,,hipc_topk_25,/home/agxorin/topk_filter_study/simulator/scenarios/final_trial_500.csv,clue_search,02,36,3,36,1,0,0,0,79,36,43,73,6,13,clue:1;collision_intent:36;hipc_entry:6;state:36,239,0,completed
267,dcta_parity_v1,topk_filter,aa0724188407797eae5187348bee11ee9f51317c4e8a201863b052786aa2f1df,823213c90703fd83224ad7122ee730ba64af3769ea517af252103bddd907f681,HIPC,ideal,1.0,19,361,4,0.25,90,,,hipc_topk_25,/home/agxorin/topk_filter_study/simulator/scenarios/final_trial_500.csv,clue_search,03,36,3,36,1,0,0,0,76,36,40,73,3,10,clue:1;collision_intent:36;hipc_entry:3;state:36,241,0,completed
303,dcta_parity_v1,topk_filter,aa0724188407797eae5187348bee11ee9f51317c4e8a201863b052786aa2f1df,823213c90703fd83224ad7122ee730ba64af3769ea517af252103bddd907f681,HIPC,ideal,1.0,19,361,4,0.25,90,,,hipc_topk_25,/home/agxorin/topk_filter_study/simulator/scenarios/final_trial_500.csv,clue_search,00,24,4,25,0,0,0,0,59,24,35,49,10,19,clue:1;collision_intent:24;hipc_entry:10;state:24,188,0,completed
303,dcta_parity_v1,topk_filter,aa0724188407797eae5187348bee11ee9f51317c4e8a201863b052786aa2f1df,823213c90703fd83224ad7122ee730ba64af3769ea517af252103bddd907f681,HIPC,ideal,1.0,19,361,4,0.25,90,,,hipc_topk_25,/home/agxorin/topk_filter_study/simulator/scenarios/final_trial_500.csv,clue_search,01,25,6,26,0,0,0,0,67,26,41,52,15,28,clue:1;collision_intent:25;hipc_entry:15;state:25;target:1,182,0,completed
303,dcta_parity_v1,topk_filter,aa0724188407797eae5187348bee11ee9f51317c4e8a201863b052786aa2f1df,823213c90703fd83224ad7122ee730ba64af3769ea517af252103bddd907f681,HIPC,ideal,1.0,19,361,4,0.25,90,,,hipc_topk_25,/home/agxorin/topk_filter_study/simulator/scenarios/final_trial_500.csv,clue_search,02,25,5,25,1,0,0,0,63,25,38,51,12,23,clue:1;collision_intent:25;hipc_entry:12;state:25,186,0,completed
303,dcta_parity_v1,topk_filter,aa0724188407797eae5187348bee11ee9f51317c4e8a201863b052786aa2f1df,823213c90703fd83224ad7122ee730ba64af3769ea517af252103bddd907f681,HIPC,ideal,1.0,19,361,4,0.25,90,,,hipc_topk_25,/home/agxorin/topk_filter_study/simulator/scenarios/final_trial_500.csv,clue_search,03,25,6,24,2,0,0,0,60,25,35,51,9,21,clue:1;collision_intent:25;hipc_entry:9;state:25,189,0,completed
339,dcta_parity_v1,topk_filter,aa0724188407797eae5187348bee11ee9f51317c4e8a201863b052786aa2f1df,823213c90703fd83224ad7122ee730ba64af3769ea517af252103bddd907f681,HIPC,ideal,1.0,19,361,4,0.25,90,,,hipc_topk_25,/home/agxorin/topk_filter_study/simulator/scenarios/final_trial_500.csv,clue_search,00,10,10,10,1,0,0,0,49,11,38,22,27,49,clue:1;collision_intent:11;hipc_entry:27;state:10,141,0,completed
339,dcta_parity_v1,topk_filter,aa0724188407797eae5187348bee11ee9f51317c4e8a201863b052786aa2f1df,823213c90703fd83224ad7122ee730ba64af3769ea517af252103bddd907f681,HIPC,ideal,1.0,19,361,4,0.25,90,,,hipc_topk_25,/home/agxorin/topk_filter_study/simulator/scenarios/final_trial_500.csv,clue_search,01,10,10,11,0,0,0,0,47,10,37,21,26,47,clue:1;collision_intent:10;hipc_clear_bundle:1;hipc_entry:25;state:10,143,0,completed
339,dcta_parity_v1,topk_filter,aa0724188407797eae5187348bee11ee9f51317c4e8a201863b052786aa2f1df,823213c90703fd83224ad7122ee730ba64af3769ea517af252103bddd907f681,HIPC,ideal,1.0,19,361,4,0.25,90,,,hipc_topk_25,/home/agxorin/topk_filter_study/simulator/scenarios/final_trial_500.csv,clue_search,02,10,10,11,0,0,0,0,43,10,33,21,22,43,clue:1;collision_intent:10;hipc_entry:22;state:10,147,0,completed
339,dcta_parity_v1,topk_filter,aa0724188407797eae5187348bee11ee9f51317c4e8a201863b052786aa2f1df,823213c90703fd83224ad7122ee730ba64af3769ea517af252103bddd907f681,HIPC,ideal,1.0,19,361,4,0.25,90,,,hipc_topk_25,/home/agxorin/topk_filter_study/simulator/scenarios/final_trial_500.csv,clue_search,03,11,11,11,1,1,0,0,52,12,40,24,28,52,clue:1;collision_intent:11;hipc_clear_bundle:1;hipc_entry:27;state:11;target:1,139,0,completed
375,dcta_parity_v1,topk_filter,aa0724188407797eae5187348bee11ee9f51317c4e8a201863b052786aa2f1df,823213c90703fd83224ad7122ee730ba64af3769ea517af252103bddd907f681,HIPC,ideal,1.0,19,361,4,0.25,90,,,hipc_topk_25,/home/agxorin/topk_filter_study/simulator/scenarios/final_trial_500.csv,clue_search,00,13,3,14,0,0,0,0,34,14,20,28,6,14,clue:1;collision_intent:13;hipc_entry:6;state:13;target:1,95,0,completed
375,dcta_parity_v1,topk_filter,aa0724188407797eae5187348bee11ee9f51317c4e8a201863b052786aa2f1df,823213c90703fd83224ad7122ee730ba64af3769ea517af252103bddd907f681,HIPC,ideal,1.0,19,361,4,0.25,90,,,hipc_topk_25,/home/agxorin/topk_filter_study/simulator/scenarios/final_trial_500.csv,clue_search,01,12,3,13,0,0,0,0,34,12,22,25,9,16,clue:1;collision_intent:12;hipc_entry:9;state:12,93,0,completed
375,dcta_parity_v1,topk_filter,aa0724188407797eae5187348bee11ee9f51317c4e8a201863b052786aa2f1df,823213c90703fd83224ad7122ee730ba64af3769ea517af252103bddd907f681,HIPC,ideal,1.0,19,361,4,0.25,90,,,hipc_topk_25,/home/agxorin/topk_filter_study/simulator/scenarios/final_trial_500.csv,clue_search,02,13,3,14,0,0,0,0,33,13,20,27,6,13,clue:1;collision_intent:13;hipc_entry:6;state:13,94,0,completed
375,dcta_parity_v1,topk_filter,aa0724188407797eae5187348bee11ee9f51317c4e8a201863b052786aa2f1df,823213c90703fd83224ad7122ee730ba64af3769ea517af252103bddd907f681,HIPC,ideal,1.0,19,361,4,0.25,90,,,hipc_topk_25,/home/agxorin/topk_filter_study/simulator/scenarios/final_trial_500.csv,clue_search,03,12,3,12,1,0,0,0,28,12,16,25,3,10,clue:1;collision_intent:12;hipc_entry:3;state:12,100,0,completed
411,dcta_parity_v1,topk_filter,aa0724188407797eae5187348bee11ee9f51317c4e8a201863b052786aa2f1df,823213c90703fd83224ad7122ee730ba64af3769ea517af252103bddd907f681,HIPC,ideal,1.0,19,361,4,0.25,90,,,hipc_topk_25,/home/agxorin/topk_filter_study/simulator/scenarios/final_trial_500.csv,clue_search,00,53,49,51,3,0,0,0,188,54,134,108,80,180,clue:1;collision_intent:53;hipc_entry:80;state:53;target:1,591,0,completed
411,dcta_parity_v1,topk_filter,aa0724188407797eae5187348bee11ee9f51317c4e8a201863b052786aa2f1df,823213c90703fd83224ad7122ee730ba64af3769ea517af252103bddd907f681,HIPC,ideal,1.0,19,361,4,0.25,90,,,hipc_topk_25,/home/agxorin/topk_filter_study/simulator/scenarios/final_trial_500.csv,clue_search,01,52,49,46,7,0,1,1,222,53,169,106,116,216,clue:1;collision_intent:53;hipc_entry:116;state:52,555,0,completed
411,dcta_parity_v1,topk_filter,aa0724188407797eae5187348bee11ee9f51317c4e8a201863b052786aa2f1df,823213c90703fd83224ad7122ee730ba64af3769ea517af252103bddd907f681,HIPC,ideal,1.0,19,361,4,0.25,90,,,hipc_topk_25,/home/agxorin/topk_filter_study/simulator/scenarios/final_trial_500.csv,clue_search,02,53,49,54,0,0,0,0,209,53,156,107,102,201,clue:1;collision_intent:53;hipc_entry:102;state:53,569,0,completed
411,dcta_parity_v1,topk_filter,aa0724188407797eae5187348bee11ee9f51317c4e8a201863b052786aa2f1df,823213c90703fd83224ad7122ee730ba64af3769ea517af252103bddd907f681,HIPC,ideal,1.0,19,361,4,0.25,90,,,hipc_topk_25,/home/agxorin/topk_filter_study/simulator/scenarios/final_trial_500.csv,clue_search,03,54,51,43,12,0,1,1,160,55,105,110,50,154,clue:1;collision_intent:55;hipc_entry:50;state:54,618,0,completed
447,dcta_parity_v1,topk_filter,aa0724188407797eae5187348bee11ee9f51317c4e8a201863b052786aa2f1df,823213c90703fd83224ad7122ee730ba64af3769ea517af252103bddd907f681,HIPC,ideal,1.0,19,361,4,0.25,90,,,hipc_topk_25,/home/agxorin/topk_filter_study/simulator/scenarios/final_trial_500.csv,clue_search,00,19,9,20,0,0,0,0,42,19,23,39,3,22,clue:1;collision_intent:19;hipc_entry:3;state:19,160,0,completed
447,dcta_parity_v1,topk_filter,aa0724188407797eae5187348bee11ee9f51317c4e8a201863b052786aa2f1df,823213c90703fd83224ad7122ee730ba64af3769ea517af252103bddd907f681,HIPC,ideal,1.0,19,361,4,0.25,90,,,hipc_topk_25,/home/agxorin/topk_filter_study/simulator/scenarios/final_trial_500.csv,clue_search,01,18,8,19,0,0,0,0,58,18,40,37,21,38,clue:1;collision_intent:18;hipc_entry:21;state:18,145,0,completed
447,dcta_parity_v1,topk_filter,aa0724188407797eae5187348bee11ee9f51317c4e8a201863b052786aa2f1df,823213c90703fd83224ad7122ee730ba64af3769ea517af252103bddd907f681,HIPC,ideal,1.0,19,361,4,0.25,90,,,hipc_topk_25,/home/agxorin/topk_filter_study/simulator/scenarios/final_trial_500.csv,clue_search,02,18,8,18,1,0,0,0,52,18,34,37,15,32,clue:1;collision_intent:18;hipc_entry:15;state:18,152,0,completed
447,dcta_parity_v1,topk_filter,aa0724188407797eae5187348bee11ee9f51317c4e8a201863b052786aa2f1df,823213c90703fd83224ad7122ee730ba64af3769ea517af252103bddd907f681,HIPC,ideal,1.0,19,361,4,0.25,90,,,hipc_topk_25,/home/agxorin/topk_filter_study/simulator/scenarios/final_trial_500.csv,clue_search,03,18,8,19,0,0,0,0,52,19,33,38,14,32,clue:1;collision_intent:18;hipc_entry:14;state:18;target:1,152,0,completed
483,dcta_parity_v1,topk_filter,aa0724188407797eae5187348bee11ee9f51317c4e8a201863b052786aa2f1df,823213c90703fd83224ad7122ee730ba64af3769ea517af252103bddd907f681,HIPC,ideal,1.0,19,361,4,0.25,90,,,hipc_topk_25,/home/agxorin/topk_filter_study/simulator/scenarios/final_trial_500.csv,clue_search,00,31,21,30,2,0,0,0,106,31,75,64,42,86,clue:2;collision_intent:31;hipc_entry:42;state:31,311,0,completed
483,dcta_parity_v1,topk_filter,aa0724188407797eae5187348bee11ee9f51317c4e8a201863b052786aa2f1df,823213c90703fd83224ad7122ee730ba64af3769ea517af252103bddd907f681,HIPC,ideal,1.0,19,361,4,0.25,90,,,hipc_topk_25,/home/agxorin/topk_filter_study/simulator/scenarios/final_trial_500.csv,clue_search,01,31,22,29,3,0,0,0,106,32,74,65,41,87,clue:2;collision_intent:31;hipc_entry:41;state:31;target:1,312,0,completed
483,dcta_parity_v1,topk_filter,aa0724188407797eae5187348bee11ee9f51317c4e8a201863b052786aa2f1df,823213c90703fd83224ad7122ee730ba64af3769ea517af252103bddd907f681,HIPC,ideal,1.0,19,361,4,0.25,90,,,hipc_topk_25,/home/agxorin/topk_filter_study/simulator/scenarios/final_trial_500.csv,clue_search,02,30,20,28,3,0,2,1,106,32,74,64,42,86,clue:2;collision_intent:32;hipc_entry:42;state:30,311,0,completed
483,dcta_parity_v1,topk_filter,aa0724188407797eae5187348bee11ee9f51317c4e8a201863b052786aa2f1df,823213c90703fd83224ad7122ee730ba64af3769ea517af252103bddd907f681,HIPC,ideal,1.0,19,361,4,0.25,90,,,hipc_topk_25,/home/agxorin/topk_filter_study/simulator/scenarios/final_trial_500.csv,clue_search,03,30,21,31,0,0,1,1,100,32,68,64,36,82,clue:2;collision_intent:32;hipc_entry:36;state:30,317,0,completed
