trial_id,logic_revision,study_profile,scenario_file_sha256,scenario_selection_sha256,algorithm,comm_model,comm_level,grid_size,grid_cells,robot_count,top_k_rate,top_k_max_cells,target_cells_per_robot,actual_cells_per_robot,condition_id,scenario_file,trial_mode,total_team_steps,steps_before_first_clue,post_clue_steps_to_find,unique_cells_searched,system_revisits,task_cell_replans_total,path_replans_total,collision_prevention_events,messages_sent_total,messages_delivered_total,messages_dropped_total,protected_messages_sent_total,unprotected_messages_sent_total,core_messages_sent_total,allocation_messages_sent_total,post_clue_messages_sent_total,post_clue_allocation_messages_sent_total,message_drop_fraction,messages_per_unique_cell,messages_per_post_clue_step,allocation_messages_per_step,allocation_messages_per_post_clue_step,allocation_messages_per_unique_cell,messages_sent_by_topic,max_steps_any_robot,max_messages_any_robot,workload_gini_unique_cells_contributed,trial_status,failure_type,failure_message,debug_max_events
0,dcta_parity_v1,custom,5789862b56c579a63f65129a7c7ce0c99a25e7c55fba998a5a9699fc4a7df60b,03f32103aba060045f2661de3c031f6fbcbc73f46000a9666f166ad349c5805d,DGA,ideal,1.0,19,361,2,0.5,181,180.5,180.5,scale_g19_r2_dga_topk050,C:\Users\lottj\Desktop\research\decentralized benchmark\topk_filter_study\results\sensitivity_suite\scenarios\clue_g19_n50.csv,clue_search,269,67,202,256,15,2,1,1,792,790,0,271,521,544,248,658,248,0.0,3.09375,3.257425742574257,0.9219330855018587,1.2277227722772277,0.96875,clue:4;collision_intent:270;dga_entry:248;state:269;target:1,135,403,0.0,completed,,,
1,dcta_parity_v1,custom,5789862b56c579a63f65129a7c7ce0c99a25e7c55fba998a5a9699fc4a7df60b,03f32103aba060045f2661de3c031f6fbcbc73f46000a9666f166ad349c5805d,DGA,ideal,1.0,19,361,2,0.5,181,180.5,180.5,scale_g19_r2_dga_topk050,C:\Users\lottj\Desktop\research\decentralized benchmark\topk_filter_study\results\sensitivity_suite\scenarios\clue_g19_n50.csv,clue_search,107,107,0,109,0,0,0,0,216,215,0,109,107,216,0,0,0,0.0,1.981651376146789,0.0,0.0,0.0,0.0,collision_intent:108;state:107;target:1,54,109,0.004587155963302836,completed,,,
2,dcta_parity_v1,custom,5789862b56c579a63f65129a7c7ce0c99a25e7c55fba998a5a9699fc4a7df60b,03f32103aba060045f2661de3c031f6fbcbc73f46000a9666f166ad349c5805d,DGA,ideal,1.0,19,361,2,0.5,181,180.5,180.5,scale_g19_r2_dga_topk050,C:\Users\lottj\Desktop\research\decentralized benchmark\topk_filter_study\results\sensitivity_suite\scenarios\clue_g19_n50.csv,clue_search,179,67,112,171,10,1,0,0,467,466,0,180,287,363,104,333,104,0.0,2.7309941520467835,2.9732142857142856,0.5810055865921788,0.9285714285714286,0.6081871345029239,clue:4;collision_intent:179;dga_entry:104;state:179;target:1,90,239,0.0029239766081872176,completed,,,
3,dcta_parity_v1,custom,5789862b56c579a63f65129a7c7ce0c99a25e7c55fba998a5a9699fc4a7df60b,03f32103aba060045f2661de3c031f6fbcbc73f46000a9666f166ad349c5805d,DGA,ideal,1.0,19,361,2,0.5,181,180.5,180.5,scale_g19_r2_dga_topk050,C:\Users\lottj\Desktop\research\decentralized benchmark\topk_filter_study\results\sensitivity_suite\scenarios\clue_g19_n50.csv,clue_search,59,59,0,61,0,0,0,0,119,118,0,60,59,119,0,0,0,0.0,1.9508196721311475,0.0,0.0,0.0,0.0,collision_intent:59;state:59;target:1,30,61,0.008196721311475308,completed,,,
4,dcta_parity_v1,custom,5789862b56c579a63f65129a7c7ce0c99a25e7c55fba998a5a9699fc4a7df60b,03f32103aba060045f2661de3c031f6fbcbc73f46000a9666f166ad349c5805d,DGA,ideal,1.0,19,361,2,0.5,181,180.5,180.5,scale_g19_r2_dga_topk050,C:\Users\lottj\Desktop\research\decentralized benchmark\topk_filter_study\results\sensitivity_suite\scenarios\clue_g19_n50.csv,clue_search,144,38,106,137,9,1,9,3,431,429,0,155,276,303,128,355,128,0.0,3.145985401459854,3.349056603773585,0.8888888888888888,1.2075471698113207,0.9343065693430657,clue:4;collision_intent:154;dga_entry:128;state:144;target:1,73,222,0.0036496350364962904,completed,,,
5,dcta_parity_v1,custom,5789862b56c579a63f65129a7c7ce0c99a25e7c55fba998a5a9699fc4a7df60b,03f32103aba060045f2661de3c031f6fbcbc73f46000a9666f166ad349c5805d,DGA,ideal,1.0,19,361,2,0.5,181,180.5,180.5,scale_g19_r2_dga_topk050,C:\Users\lottj\Desktop\research\decentralized benchmark\topk_filter_study\results\sensitivity_suite\scenarios\clue_g19_n50.csv,clue_search,125,125,0,127,0,0,0,0,251,249,0,126,125,251,0,0,0,0.0,1.9763779527559056,0.0,0.0,0.0,0.0,collision_intent:125;state:125;target:1,63,127,0.003937007874015741,completed,,,
6,dcta_parity_v1,custom,5789862b56c579a63f65129a7c7ce0c99a25e7c55fba998a5a9699fc4a7df60b,03f32103aba060045f2661de3c031f6fbcbc73f46000a9666f166ad349c5805d,DGA,ideal,1.0,19,361,2,0.5,181,180.5,180.5,scale_g19_r2_dga_topk050,C:\Users\lottj\Desktop\research\decentralized benchmark\topk_filter_study\results\sensitivity_suite\scenarios\clue_g19_n50.csv,clue_search,21,21,0,23,0,0,0,0,43,42,0,22,21,43,0,0,0,0.0,1.8695652173913044,0.0,0.0,0.0,0.0,collision_intent:21;state:21;target:1,11,23,0.021739130434782705,completed,,,
7,dcta_parity_v1,custom,5789862b56c579a63f65129a7c7ce0c99a25e7c55fba998a5a9699fc4a7df60b,03f32103aba060045f2661de3c031f6fbcbc73f46000a9666f166ad349c5805d,DGA,ideal,1.0,19,361,2,0.5,181,180.5,180.5,scale_g19_r2_dga_topk050,C:\Users\lottj\Desktop\research\decentralized benchmark\topk_filter_study\results\sensitivity_suite\scenarios\clue_g19_n50.csv,clue_search,205,2,203,186,21,0,0,0,632,631,0,206,426,417,215,628,215,0.0,3.3978494623655915,3.0935960591133007,1.048780487804878,1.0591133004926108,1.1559139784946237,clue:6;collision_intent:205;dga_entry:215;state:205;target:1,103,321,0.005376344086021501,completed,,,
8,dcta_parity_v1,custom,5789862b56c579a63f65129a7c7ce0c99a25e7c55fba998a5a9699fc4a7df60b,03f32103aba060045f2661de3c031f6fbcbc73f46000a9666f166ad349c5805d,DGA,ideal,1.0,19,361,2,0.5,181,180.5,180.5,scale_g19_r2_dga_topk050,C:\Users\lottj\Desktop\research\decentralized benchmark\topk_filter_study\results\sensitivity_suite\scenarios\clue_g19_n50.csv,clue_search,24,6,18,26,0,0,0,0,88,87,0,25,63,51,37,76,37,0.0,3.3846153846153846,4.222222222222222,1.5416666666666667,2.0555555555555554,1.4230769230769231,clue:2;collision_intent:24;dga_entry:37;state:24;target:1,12,45,0.0,completed,,,
9,dcta_parity_v1,custom,5789862b56c579a63f65129a7c7ce0c99a25e7c55fba998a5a9699fc4a7df60b,03f32103aba060045f2661de3c031f6fbcbc73f46000a9666f166ad349c5805d,DGA,ideal,1.0,19,361,2,0.5,181,180.5,180.5,scale_g19_r2_dga_topk050,C:\Users\lottj\Desktop\research\decentralized benchmark\topk_filter_study\results\sensitivity_suite\scenarios\clue_g19_n50.csv,clue_search,320,25,295,281,41,1,8,6,977,977,0,329,648,657,320,926,320,0.0,3.4768683274021353,3.1389830508474574,1.0,1.0847457627118644,1.1387900355871887,clue:8;collision_intent:328;dga_entry:320;state:320;target:1,161,500,0.005338078291814874,completed,,,
10,dcta_parity_v1,custom,5789862b56c579a63f65129a7c7ce0c99a25e7c55fba998a5a9699fc4a7df60b,03f32103aba060045f2661de3c031f6fbcbc73f46000a9666f166ad349c5805d,DGA,ideal,1.0,19,361,2,0.5,181,180.5,180.5,scale_g19_r2_dga_topk050,C:\Users\lottj\Desktop\research\decentralized benchmark\topk_filter_study\results\sensitivity_suite\scenarios\clue_g19_n50.csv,clue_search,163,33,130,141,24,0,4,2,488,487,0,168,320,333,155,422,155,0.0,3.4609929078014185,3.246153846153846,0.950920245398773,1.1923076923076923,1.099290780141844,clue:2;collision_intent:167;dga_entry:155;state:163;target:1,82,246,0.046099290780141855,completed,,,
11,dcta_parity_v1,custom,5789862b56c579a63f65129a7c7ce0c99a25e7c55fba998a5a9699fc4a7df60b,03f32103aba060045f2661de3c031f6fbcbc73f46000a9666f166ad349c5805d,DGA,ideal,1.0,19,361,2,0.5,181,180.5,180.5,scale_g19_r2_dga_topk050,C:\Users\lottj\Desktop\research\decentralized benchmark\topk_filter_study\results\sensitivity_suite\scenarios\clue_g19_n50.csv,clue_search,133,133,0,135,0,0,0,0,267,265,0,134,133,267,0,0,0,0.0,1.9777777777777779,0.0,0.0,0.0,0.0,collision_intent:133;state:133;target:1,67,135,0.0037037037037037646,completed,,,
12,dcta_parity_v1,custom,5789862b56c579a63f65129a7c7ce0c99a25e7c55fba998a5a9699fc4a7df60b,03f32103aba060045f2661de3c031f6fbcbc73f46000a9666f166ad349c5805d,DGA,ideal,1.0,19,361,2,0.5,181,180.5,180.5,scale_g19_r2_dga_topk050,C:\Users\lottj\Desktop\research\decentralized benchmark\topk_filter_study\results\sensitivity_suite\scenarios\clue_g19_n50.csv,clue_search,57,57,0,59,0,0,0,0,115,113,0,58,57,115,0,0,0,0.0,1.9491525423728813,0.0,0.0,0.0,0.0,collision_intent:57;state:57;target:1,29,59,0.008474576271186418,completed,,,
13,dcta_parity_v1,custom,5789862b56c579a63f65129a7c7ce0c99a25e7c55fba998a5a9699fc4a7df60b,03f32103aba060045f2661de3c031f6fbcbc73f46000a9666f166ad349c5805d,DGA,ideal,1.0,19,361,2,0.5,181,180.5,180.5,scale_g19_r2_dga_topk050,C:\Users\lottj\Desktop\research\decentralized benchmark\topk_filter_study\results\sensitivity_suite\scenarios\clue_g19_n50.csv,clue_search,,,,,,,,,,,,,,,,,,,,,,,,,,,,failed,RuntimeError,Debug safety cap reached in trial 13. This usually means the allocator is stuck or returning no reachable goals.,20000
14,dcta_parity_v1,custom,5789862b56c579a63f65129a7c7ce0c99a25e7c55fba998a5a9699fc4a7df60b,03f32103aba060045f2661de3c031f6fbcbc73f46000a9666f166ad349c5805d,DGA,ideal,1.0,19,361,2,0.5,181,180.5,180.5,scale_g19_r2_dga_topk050,C:\Users\lottj\Desktop\research\decentralized benchmark\topk_filter_study\results\sensitivity_suite\scenarios\clue_g19_n50.csv,clue_search,75,11,64,75,2,0,0,0,216,216,0,76,140,157,59,193,59,0.0,2.88,3.015625,0.7866666666666666,0.921875,0.7866666666666666,clue:6;collision_intent:75;dga_entry:59;state:75;target:1,38,111,0.006666666666666599,completed,,,
15,dcta_parity_v1,custom,5789862b56c579a63f65129a7c7ce0c99a25e7c55fba998a5a9699fc4a7df60b,03f32103aba060045f2661de3c031f6fbcbc73f46000a9666f166ad349c5805d,DGA,ideal,1.0,19,361,2,0.5,181,180.5,180.5,scale_g19_r2_dga_topk050,C:\Users\lottj\Desktop\research\decentralized benchmark\topk_filter_study\results\sensitivity_suite\scenarios\clue_g19_n50.csv,clue_search,226,50,176,202,26,1,1,1,647,646,0,228,419,462,185,547,185,0.0,3.202970297029703,3.1079545454545454,0.8185840707964602,1.0511363636363635,0.9158415841584159,clue:8;collision_intent:227;dga_entry:185;state:226;target:1,114,324,0.004950495049504955,completed,,,
16,dcta_parity_v1,custom,5789862b56c579a63f65129a7c7ce0c99a25e7c55fba998a5a9699fc4a7df60b,03f32103aba060045f2661de3c031f6fbcbc73f46000a9666f166ad349c5805d,DGA,ideal,1.0,19,361,2,0.5,181,180.5,180.5,scale_g19_r2_dga_topk050,C:\Users\lottj\Desktop\research\decentralized benchmark\topk_filter_study\results\sensitivity_suite\scenarios\clue_g19_n50.csv,clue_search,74,74,0,76,0,0,0,0,149,148,0,75,74,149,0,0,0,0.0,1.9605263157894737,0.0,0.0,0.0,0.0,collision_intent:74;state:74;target:1,37,75,0.0,completed,,,
17,dcta_parity_v1,custom,5789862b56c579a63f65129a7c7ce0c99a25e7c55fba998a5a9699fc4a7df60b,03f32103aba060045f2661de3c031f6fbcbc73f46000a9666f166ad349c5805d,DGA,ideal,1.0,19,361,2,0.5,181,180.5,180.5,scale_g19_r2_dga_topk050,C:\Users\lottj\Desktop\research\decentralized benchmark\topk_filter_study\results\sensitivity_suite\scenarios\clue_g19_n50.csv,clue_search,166,60,106,164,4,1,1,1,465,464,0,168,297,340,125,345,125,0.0,2.8353658536585367,3.2547169811320753,0.7530120481927711,1.179245283018868,0.7621951219512195,clue:6;collision_intent:167;dga_entry:125;state:166;target:1,83,240,0.0060975609756097615,completed,,,
18,dcta_parity_v1,custom,5789862b56c579a63f65129a7c7ce0c99a25e7c55fba998a5a9699fc4a7df60b,03f32103aba060045f2661de3c031f6fbcbc73f46000a9666f166ad349c5805d,DGA,ideal,1.0,19,361,2,0.5,181,180.5,180.5,scale_g19_r2_dga_topk050,C:\Users\lottj\Desktop\research\decentralized benchmark\topk_filter_study\results\sensitivity_suite\scenarios\clue_g19_n50.csv,clue_search,357,19,338,327,32,0,1,1,1159,1159,0,359,800,722,437,1121,437,0.0,3.54434250764526,3.3165680473372783,1.2240896358543418,1.2928994082840237,1.3363914373088686,clue:6;collision_intent:358;dga_entry:437;state:357;target:1,181,589,0.013761467889908285,completed,,,
19,dcta_parity_v1,custom,5789862b56c579a63f65129a7c7ce0c99a25e7c55fba998a5a9699fc4a7df60b,03f32103aba060045f2661de3c031f6fbcbc73f46000a9666f166ad349c5805d,DGA,ideal,1.0,19,361,2,0.5,181,180.5,180.5,scale_g19_r2_dga_topk050,C:\Users\lottj\Desktop\research\decentralized benchmark\topk_filter_study\results\sensitivity_suite\scenarios\clue_g19_n50.csv,clue_search,50,50,0,52,0,0,0,0,101,99,0,51,50,101,0,0,0,0.0,1.9423076923076923,0.0,0.0,0.0,0.0,collision_intent:50;state:50;target:1,25,51,0.0,completed,,,
20,dcta_parity_v1,custom,5789862b56c579a63f65129a7c7ce0c99a25e7c55fba998a5a9699fc4a7df60b,03f32103aba060045f2661de3c031f6fbcbc73f46000a9666f166ad349c5805d,DGA,ideal,1.0,19,361,2,0.5,181,180.5,180.5,scale_g19_r2_dga_topk050,C:\Users\lottj\Desktop\research\decentralized benchmark\topk_filter_study\results\sensitivity_suite\scenarios\clue_g19_n50.csv,clue_search,,,,,,,,,,,,,,,,,,,,,,,,,,,,failed,RuntimeError,Debug safety cap reached in trial 20. This usually means the allocator is stuck or returning no reachable goals.,20000
21,dcta_parity_v1,custom,5789862b56c579a63f65129a7c7ce0c99a25e7c55fba998a5a9699fc4a7df60b,03f32103aba060045f2661de3c031f6fbcbc73f46000a9666f166ad349c5805d,DGA,ideal,1.0,19,361,2,0.5,181,180.5,180.5,scale_g19_r2_dga_topk050,C:\Users\lottj\Desktop\research\decentralized benchmark\topk_filter_study\results\sensitivity_suite\scenarios\clue_g19_n50.csv,clue_search,21,4,17,23,0,1,0,0,82,82,0,22,60,49,33,74,33,0.0,3.5652173913043477,4.352941176470588,1.5714285714285714,1.9411764705882353,1.434782608695652,clue:6;collision_intent:21;dga_entry:33;state:21;target:1,11,44,0.021739130434782705,completed,,,
22,dcta_parity_v1,custom,5789862b56c579a63f65129a7c7ce0c99a25e7c55fba998a5a9699fc4a7df60b,03f32103aba060045f2661de3c031f6fbcbc73f46000a9666f166ad349c5805d,DGA,ideal,1.0,19,361,2,0.5,181,180.5,180.5,scale_g19_r2_dga_topk050,C:\Users\lottj\Desktop\research\decentralized benchmark\topk_filter_study\results\sensitivity_suite\scenarios\clue_g19_n50.csv,clue_search,227,78,149,207,22,1,0,0,617,616,0,228,389,459,158,461,158,0.0,2.9806763285024154,3.0939597315436242,0.6960352422907489,1.0604026845637584,0.7632850241545893,clue:4;collision_intent:227;dga_entry:158;state:227;target:1,115,314,0.03623188405797095,completed,,,
23,dcta_parity_v1,custom,5789862b56c579a63f65129a7c7ce0c99a25e7c55fba998a5a9699fc4a7df60b,03f32103aba060045f2661de3c031f6fbcbc73f46000a9666f166ad349c5805d,DGA,ideal,1.0,19,361,2,0.5,181,180.5,180.5,scale_g19_r2_dga_topk050,C:\Users\lottj\Desktop\research\decentralized benchmark\topk_filter_study\results\sensitivity_suite\scenarios\clue_g19_n50.csv,clue_search,266,173,93,266,2,1,0,0,652,651,0,267,385,539,113,305,113,0.0,2.4511278195488724,3.2795698924731185,0.424812030075188,1.2150537634408602,0.424812030075188,clue:6;collision_intent:266;dga_entry:113;state:266;target:1,134,332,0.0,completed,,,
24,dcta_parity_v1,custom,5789862b56c579a63f65129a7c7ce0c99a25e7c55fba998a5a9699fc4a7df60b,03f32103aba060045f2661de3c031f6fbcbc73f46000a9666f166ad349c5805d,DGA,ideal,1.0,19,361,2,0.5,181,180.5,180.5,scale_g19_r2_dga_topk050,C:\Users\lottj\Desktop\research\decentralized benchmark\topk_filter_study\results\sensitivity_suite\scenarios\clue_g19_n50.csv,clue_search,418,184,234,356,64,3,6,6,1093,1091,0,425,668,851,242,725,242,0.0,3.0702247191011236,3.0982905982905984,0.5789473684210527,1.0341880341880343,0.6797752808988764,clue:8;collision_intent:424;dga_entry:242;state:418;target:1,209,561,0.022471910112359605,completed,,,
25,dcta_parity_v1,custom,5789862b56c579a63f65129a7c7ce0c99a25e7c55fba998a5a9699fc4a7df60b,03f32103aba060045f2661de3c031f6fbcbc73f46000a9666f166ad349c5805d,DGA,ideal,1.0,19,361,2,0.5,181,180.5,180.5,scale_g19_r2_dga_topk050,C:\Users\lottj\Desktop\research\decentralized benchmark\topk_filter_study\results\sensitivity_suite\scenarios\clue_g19_n50.csv,clue_search,39,39,0,41,0,0,0,0,79,77,0,40,39,79,0,0,0,0.0,1.9268292682926829,0.0,0.0,0.0,0.0,collision_intent:39;state:39;target:1,20,41,0.012195121951219523,completed,,,
26,dcta_parity_v1,custom,5789862b56c579a63f65129a7c7ce0c99a25e7c55fba998a5a9699fc4a7df60b,03f32103aba060045f2661de3c031f6fbcbc73f46000a9666f166ad349c5805d,DGA,ideal,1.0,19,361,2,0.5,181,180.5,180.5,scale_g19_r2_dga_topk050,C:\Users\lottj\Desktop\research\decentralized benchmark\topk_filter_study\results\sensitivity_suite\scenarios\clue_g19_n50.csv,clue_search,408,52,356,345,65,2,2,2,1275,1274,0,411,864,823,452,1171,452,0.0,3.6956521739130435,3.289325842696629,1.107843137254902,1.2696629213483146,1.3101449275362318,clue:4;collision_intent:410;dga_entry:452;state:408;target:1,205,661,0.03913043478260869,completed,,,
27,dcta_parity_v1,custom,5789862b56c579a63f65129a7c7ce0c99a25e7c55fba998a5a9699fc4a7df60b,03f32103aba060045f2661de3c031f6fbcbc73f46000a9666f166ad349c5805d,DGA,ideal,1.0,19,361,2,0.5,181,180.5,180.5,scale_g19_r2_dga_topk050,C:\Users\lottj\Desktop\research\decentralized benchmark\topk_filter_study\results\sensitivity_suite\scenarios\clue_g19_n50.csv,clue_search,103,83,20,105,0,1,0,0,241,241,0,105,136,210,31,75,31,0.0,2.295238095238095,3.75,0.30097087378640774,1.55,0.29523809523809524,clue:2;collision_intent:104;dga_entry:31;state:103;target:1,52,124,0.004761904761904745,completed,,,
28,dcta_parity_v1,custom,5789862b56c579a63f65129a7c7ce0c99a25e7c55fba998a5a9699fc4a7df60b,03f32103aba060045f2661de3c031f6fbcbc73f46000a9666f166ad349c5805d,DGA,ideal,1.0,19,361,2,0.5,181,180.5,180.5,scale_g19_r2_dga_topk050,C:\Users\lottj\Desktop\research\decentralized benchmark\topk_filter_study\results\sensitivity_suite\scenarios\clue_g19_n50.csv,clue_search,256,47,209,242,16,1,3,1,797,796,0,261,536,519,278,703,278,0.0,3.293388429752066,3.3636363636363638,1.0859375,1.3301435406698565,1.1487603305785123,clue:2;collision_intent:260;dga_entry:278;state:256;target:1,128,407,0.008264462809917328,completed,,,
29,dcta_parity_v1,custom,5789862b56c579a63f65129a7c7ce0c99a25e7c55fba998a5a9699fc4a7df60b,03f32103aba060045f2661de3c031f6fbcbc73f46000a9666f166ad349c5805d,DGA,ideal,1.0,19,361,2,0.5,181,180.5,180.5,scale_g19_r2_dga_topk050,C:\Users\lottj\Desktop\research\decentralized benchmark\topk_filter_study\results\sensitivity_suite\scenarios\clue_g19_n50.csv,clue_search,199,18,181,200,1,2,0,0,611,611,0,200,411,405,206,575,206,0.0,3.055,3.1767955801104972,1.035175879396985,1.138121546961326,1.03,clue:6;collision_intent:199;dga_entry:206;state:199;target:1,101,312,0.004999999999999893,completed,,,
30,dcta_parity_v1,custom,5789862b56c579a63f65129a7c7ce0c99a25e7c55fba998a5a9699fc4a7df60b,03f32103aba060045f2661de3c031f6fbcbc73f46000a9666f166ad349c5805d,DGA,ideal,1.0,19,361,2,0.5,181,180.5,180.5,scale_g19_r2_dga_topk050,C:\Users\lottj\Desktop\research\decentralized benchmark\topk_filter_study\results\sensitivity_suite\scenarios\clue_g19_n50.csv,clue_search,241,58,183,230,13,2,0,0,710,709,0,242,468,489,221,594,221,0.0,3.0869565217391304,3.2459016393442623,0.91701244813278,1.2076502732240437,0.9608695652173913,clue:6;collision_intent:241;dga_entry:221;state:241;target:1,121,359,0.01304347826086949,completed,,,
31,dcta_parity_v1,custom,5789862b56c579a63f65129a7c7ce0c99a25e7c55fba998a5a9699fc4a7df60b,03f32103aba060045f2661de3c031f6fbcbc73f46000a9666f166ad349c5805d,DGA,ideal,1.0,19,361,2,0.5,181,180.5,180.5,scale_g19_r2_dga_topk050,C:\Users\lottj\Desktop\research\decentralized benchmark\topk_filter_study\results\sensitivity_suite\scenarios\clue_g19_n50.csv,clue_search,167,29,138,163,6,0,0,0,458,458,0,168,290,339,119,400,119,0.0,2.8098159509202456,2.898550724637681,0.7125748502994012,0.8623188405797102,0.7300613496932515,clue:4;collision_intent:167;dga_entry:119;state:167;target:1,85,233,0.009202453987730008,completed,,,
32,dcta_parity_v1,custom,5789862b56c579a63f65129a7c7ce0c99a25e7c55fba998a5a9699fc4a7df60b,03f32103aba060045f2661de3c031f6fbcbc73f46000a9666f166ad349c5805d,DGA,ideal,1.0,19,361,2,0.5,181,180.5,180.5,scale_g19_r2_dga_topk050,C:\Users\lottj\Desktop\research\decentralized benchmark\topk_filter_study\results\sensitivity_suite\scenarios\clue_g19_n50.csv,clue_search,317,174,143,282,37,2,12,6,839,838,0,331,508,654,185,491,185,0.0,2.975177304964539,3.4335664335664338,0.583596214511041,1.2937062937062938,0.6560283687943262,clue:6;collision_intent:330;dga_entry:185;state:317;target:1,160,420,0.02127659574468077,completed,,,
33,dcta_parity_v1,custom,5789862b56c579a63f65129a7c7ce0c99a25e7c55fba998a5a9699fc4a7df60b,03f32103aba060045f2661de3c031f6fbcbc73f46000a9666f166ad349c5805d,DGA,ideal,1.0,19,361,2,0.5,181,180.5,180.5,scale_g19_r2_dga_topk050,C:\Users\lottj\Desktop\research\decentralized benchmark\topk_filter_study\results\sensitivity_suite\scenarios\clue_g19_n50.csv,clue_search,37,9,28,39,0,0,0,0,115,115,0,39,76,78,37,96,37,0.0,2.948717948717949,3.4285714285714284,1.0,1.3214285714285714,0.9487179487179487,clue:2;collision_intent:38;dga_entry:37;state:37;target:1,19,58,0.012820512820512775,completed,,,
34,dcta_parity_v1,custom,5789862b56c579a63f65129a7c7ce0c99a25e7c55fba998a5a9699fc4a7df60b,03f32103aba060045f2661de3c031f6fbcbc73f46000a9666f166ad349c5805d,DGA,ideal,1.0,19,361,2,0.5,181,180.5,180.5,scale_g19_r2_dga_topk050,C:\Users\lottj\Desktop\research\decentralized benchmark\topk_filter_study\results\sensitivity_suite\scenarios\clue_g19_n50.csv,clue_search,284,178,106,272,14,1,0,0,670,670,0,285,385,575,95,314,95,0.0,2.463235294117647,2.9622641509433962,0.3345070422535211,0.8962264150943396,0.3492647058823529,clue:6;collision_intent:284;dga_entry:95;state:284;target:1,142,343,0.011029411764705843,completed,,,
35,dcta_parity_v1,custom,5789862b56c579a63f65129a7c7ce0c99a25e7c55fba998a5a9699fc4a7df60b,03f32103aba060045f2661de3c031f6fbcbc73f46000a9666f166ad349c5805d,DGA,ideal,1.0,19,361,2,0.5,181,180.5,180.5,scale_g19_r2_dga_topk050,C:\Users\lottj\Desktop\research\decentralized benchmark\topk_filter_study\results\sensitivity_suite\scenarios\clue_g19_n50.csv,clue_search,307,12,295,241,68,0,0,0,923,922,0,308,615,621,302,899,302,0.0,3.8298755186721993,3.047457627118644,0.9837133550488599,1.023728813559322,1.2531120331950207,clue:6;collision_intent:307;dga_entry:302;state:307;target:1,154,463,0.051867219917012486,completed,,,
36,dcta_parity_v1,custom,5789862b56c579a63f65129a7c7ce0c99a25e7c55fba998a5a9699fc4a7df60b,03f32103aba060045f2661de3c031f6fbcbc73f46000a9666f166ad349c5805d,DGA,ideal,1.0,19,361,2,0.5,181,180.5,180.5,scale_g19_r2_dga_topk050,C:\Users\lottj\Desktop\research\decentralized benchmark\topk_filter_study\results\sensitivity_suite\scenarios\clue_g19_n50.csv,clue_search,182,168,14,184,0,1,0,0,393,393,0,183,210,369,24,57,24,0.0,2.135869565217391,4.071428571428571,0.13186813186813187,1.7142857142857142,0.13043478260869565,clue:4;collision_intent:182;dga_entry:24;state:182;target:1,91,197,0.0,completed,,,
37,dcta_parity_v1,custom,5789862b56c579a63f65129a7c7ce0c99a25e7c55fba998a5a9699fc4a7df60b,03f32103aba060045f2661de3c031f6fbcbc73f46000a9666f166ad349c5805d,DGA,ideal,1.0,19,361,2,0.5,181,180.5,180.5,scale_g19_r2_dga_topk050,C:\Users\lottj\Desktop\research\decentralized benchmark\topk_filter_study\results\sensitivity_suite\scenarios\clue_g19_n50.csv,clue_search,338,2,336,317,23,1,2,2,980,978,0,341,639,687,293,976,293,0.0,3.091482649842271,2.9047619047619047,0.8668639053254438,0.8720238095238095,0.9242902208201893,clue:8;collision_intent:340;dga_entry:293;state:338;target:1,170,496,0.001577287066246047,completed,,,
38,dcta_parity_v1,custom,5789862b56c579a63f65129a7c7ce0c99a25e7c55fba998a5a9699fc4a7df60b,03f32103aba060045f2661de3c031f6fbcbc73f46000a9666f166ad349c5805d,DGA,ideal,1.0,19,361,2,0.5,181,180.5,180.5,scale_g19_r2_dga_topk050,C:\Users\lottj\Desktop\research\decentralized benchmark\topk_filter_study\results\sensitivity_suite\scenarios\clue_g19_n50.csv,clue_search,12,12,0,14,0,0,0,0,25,24,0,13,12,25,0,0,0,0.0,1.7857142857142858,0.0,0.0,0.0,0.0,collision_intent:12;state:12;target:1,6,13,0.0,completed,,,
39,dcta_parity_v1,custom,5789862b56c579a63f65129a7c7ce0c99a25e7c55fba998a5a9699fc4a7df60b,03f32103aba060045f2661de3c031f6fbcbc73f46000a9666f166ad349c5805d,DGA,ideal,1.0,19,361,2,0.5,181,180.5,180.5,scale_g19_r2_dga_topk050,C:\Users\lottj\Desktop\research\decentralized benchmark\topk_filter_study\results\sensitivity_suite\scenarios\clue_g19_n50.csv,clue_search,50,50,0,52,0,0,0,0,101,99,0,51,50,101,0,0,0,0.0,1.9423076923076923,0.0,0.0,0.0,0.0,collision_intent:50;state:50;target:1,25,51,0.0,completed,,,
40,dcta_parity_v1,custom,5789862b56c579a63f65129a7c7ce0c99a25e7c55fba998a5a9699fc4a7df60b,03f32103aba060045f2661de3c031f6fbcbc73f46000a9666f166ad349c5805d,DGA,ideal,1.0,19,361,2,0.5,181,180.5,180.5,scale_g19_r2_dga_topk050,C:\Users\lottj\Desktop\research\decentralized benchmark\topk_filter_study\results\sensitivity_suite\scenarios\clue_g19_n50.csv,clue_search,47,47,0,49,0,0,0,0,96,95,0,49,47,96,0,0,0,0.0,1.9591836734693877,0.0,0.0,0.0,0.0,collision_intent:48;state:47;target:1,24,49,0.010204081632652962,completed,,,
41,dcta_parity_v1,custom,5789862b56c579a63f65129a7c7ce0c99a25e7c55fba998a5a9699fc4a7df60b,03f32103aba060045f2661de3c031f6fbcbc73f46000a9666f166ad349c5805d,DGA,ideal,1.0,19,361,2,0.5,181,180.5,180.5,scale_g19_r2_dga_topk050,C:\Users\lottj\Desktop\research\decentralized benchmark\topk_filter_study\results\sensitivity_suite\scenarios\clue_g19_n50.csv,clue_search,296,142,154,284,14,1,0,0,774,773,0,297,477,601,173,490,173,0.0,2.7253521126760565,3.1818181818181817,0.5844594594594594,1.1233766233766234,0.6091549295774648,clue:8;collision_intent:296;dga_entry:173;state:296;target:1,149,391,0.014084507042253502,completed,,,
42,dcta_parity_v1,custom,5789862b56c579a63f65129a7c7ce0c99a25e7c55fba998a5a9699fc4a7df60b,03f32103aba060045f2661de3c031f6fbcbc73f46000a9666f166ad349c5805d,DGA,ideal,1.0,19,361,2,0.5,181,180.5,180.5,scale_g19_r2_dga_topk050,C:\Users\lottj\Desktop\research\decentralized benchmark\topk_filter_study\results\sensitivity_suite\scenarios\clue_g19_n50.csv,clue_search,365,17,348,274,93,4,23,18,1170,1170,0,390,780,763,407,1135,407,0.0,4.2700729927007295,3.2614942528735633,1.115068493150685,1.1695402298850575,1.4854014598540146,clue:8;collision_intent:389;dga_entry:407;state:365;target:1,184,596,0.0036496350364962904,completed,,,
43,dcta_parity_v1,custom,5789862b56c579a63f65129a7c7ce0c99a25e7c55fba998a5a9699fc4a7df60b,03f32103aba060045f2661de3c031f6fbcbc73f46000a9666f166ad349c5805d,DGA,ideal,1.0,19,361,2,0.5,181,180.5,180.5,scale_g19_r2_dga_topk050,C:\Users\lottj\Desktop\research\decentralized benchmark\topk_filter_study\results\sensitivity_suite\scenarios\clue_g19_n50.csv,clue_search,310,30,280,300,12,1,3,2,938,937,0,314,624,630,308,878,308,0.0,3.1266666666666665,3.1357142857142857,0.9935483870967742,1.1,1.0266666666666666,clue:6;collision_intent:313;dga_entry:308;state:310;target:1,156,481,0.010000000000000009,completed,,,
44,dcta_parity_v1,custom,5789862b56c579a63f65129a7c7ce0c99a25e7c55fba998a5a9699fc4a7df60b,03f32103aba060045f2661de3c031f6fbcbc73f46000a9666f166ad349c5805d,DGA,ideal,1.0,19,361,2,0.5,181,180.5,180.5,scale_g19_r2_dga_topk050,C:\Users\lottj\Desktop\research\decentralized benchmark\topk_filter_study\results\sensitivity_suite\scenarios\clue_g19_n50.csv,clue_search,302,153,149,263,41,1,8,7,798,797,0,311,487,619,179,492,179,0.0,3.0342205323193916,3.302013422818792,0.5927152317880795,1.2013422818791946,0.6806083650190115,clue:6;collision_intent:310;dga_entry:179;state:302;target:1,151,400,0.05133079847908739,completed,,,
45,dcta_parity_v1,custom,5789862b56c579a63f65129a7c7ce0c99a25e7c55fba998a5a9699fc4a7df60b,03f32103aba060045f2661de3c031f6fbcbc73f46000a9666f166ad349c5805d,DGA,ideal,1.0,19,361,2,0.5,181,180.5,180.5,scale_g19_r2_dga_topk050,C:\Users\lottj\Desktop\research\decentralized benchmark\topk_filter_study\results\sensitivity_suite\scenarios\clue_g19_n50.csv,clue_search,40,5,35,42,0,0,0,0,130,130,0,41,89,83,47,119,47,0.0,3.0952380952380953,3.4,1.175,1.3428571428571427,1.119047619047619,clue:2;collision_intent:40;dga_entry:47;state:40;target:1,20,66,0.0,completed,,,
46,dcta_parity_v1,custom,5789862b56c579a63f65129a7c7ce0c99a25e7c55fba998a5a9699fc4a7df60b,03f32103aba060045f2661de3c031f6fbcbc73f46000a9666f166ad349c5805d,DGA,ideal,1.0,19,361,2,0.5,181,180.5,180.5,scale_g19_r2_dga_topk050,C:\Users\lottj\Desktop\research\decentralized benchmark\topk_filter_study\results\sensitivity_suite\scenarios\clue_g19_n50.csv,clue_search,109,62,47,110,1,2,0,0,269,269,0,110,159,223,46,145,46,0.0,2.4454545454545453,3.0851063829787235,0.42201834862385323,0.9787234042553191,0.41818181818181815,clue:4;collision_intent:109;dga_entry:46;state:109;target:1,55,135,0.009090909090909038,completed,,,
47,dcta_parity_v1,custom,5789862b56c579a63f65129a7c7ce0c99a25e7c55fba998a5a9699fc4a7df60b,03f32103aba060045f2661de3c031f6fbcbc73f46000a9666f166ad349c5805d,DGA,ideal,1.0,19,361,2,0.5,181,180.5,180.5,scale_g19_r2_dga_topk050,C:\Users\lottj\Desktop\research\decentralized benchmark\topk_filter_study\results\sensitivity_suite\scenarios\clue_g19_n50.csv,clue_search,32,9,23,34,0,0,0,0,97,95,0,33,64,67,30,79,30,0.0,2.8529411764705883,3.4347826086956523,0.9375,1.3043478260869565,0.8823529411764706,clue:2;collision_intent:32;dga_entry:30;state:32;target:1,16,51,0.0,completed,,,
48,dcta_parity_v1,custom,5789862b56c579a63f65129a7c7ce0c99a25e7c55fba998a5a9699fc4a7df60b,03f32103aba060045f2661de3c031f6fbcbc73f46000a9666f166ad349c5805d,DGA,ideal,1.0,19,361,2,0.5,181,180.5,180.5,scale_g19_r2_dga_topk050,C:\Users\lottj\Desktop\research\decentralized benchmark\topk_filter_study\results\sensitivity_suite\scenarios\clue_g19_n50.csv,clue_search,264,5,259,243,23,0,0,0,797,796,0,265,532,537,260,787,260,0.0,3.279835390946502,3.0386100386100385,0.9848484848484849,1.0038610038610039,1.0699588477366255,clue:8;collision_intent:264;dga_entry:260;state:264;target:1,133,416,0.043209876543209846,completed,,,
49,dcta_parity_v1,custom,5789862b56c579a63f65129a7c7ce0c99a25e7c55fba998a5a9699fc4a7df60b,03f32103aba060045f2661de3c031f6fbcbc73f46000a9666f166ad349c5805d,DGA,ideal,1.0,19,361,2,0.5,181,180.5,180.5,scale_g19_r2_dga_topk050,C:\Users\lottj\Desktop\research\decentralized benchmark\topk_filter_study\results\sensitivity_suite\scenarios\clue_g19_n50.csv,clue_search,199,113,86,197,4,3,0,0,515,515,0,200,315,405,110,289,110,0.0,2.6142131979695433,3.36046511627907,0.5527638190954773,1.2790697674418605,0.5583756345177665,clue:6;collision_intent:199;dga_entry:110;state:199;target:1,100,265,0.002538071065989911,completed,,,
